year,station_id,station_name,station_lat,station_lon,station_address
2010,1,Facultad de Derecho,-34.5831330757635,-58.392452073017,Av. Pres.Figueroa Alcorta y  Juan A.Bibiloni
2010,2,Retiro,-34.5925888097729,-58.3748217877563,Av. Dr.Jose Ramos Mejia y Del Libertador Av
2010,3,Aduana,-34.6112420249771,-58.368917842554104,Av. Ing.Huergo y Av. Belgrano
2010,4,Plaza Roma,-34.6017210875929,-58.3689503833679,Lavalle y Bouchard
2011,9,Parque Las Heras,-34.5839145725724,-58.4071446712567,Parque Las Heras
2011,14,Pacífico,-34.5777874974914,-58.4263198647396,Pacífico
2011,5,Plaza Italia,-34.5801273443074,-58.420997041077996,Av. Santa Fe y Av. Sarmiento
2011,12,Plaza Vicente López,-34.5931772798824,-58.388948867519595,Plaza Vicente López
2011,8,Congreso,-34.6099304592001,-58.389253260153296,Av. Hipólito Yrigoyen y Virrey Ceballos
2011,11,Tribunales,-34.6013128134582,-58.385021610721594,Tribunales
2011,43,Plaza Houssay,-34.599189849214696,-58.3985214522976,Plaza Houssay
2011,10,Puerto Madero - UCA,-34.615551427997495,-58.3657458611297,Moreau de Justo 1500
2011,7,Obelisco,-34.6058404963166,-58.3809896041082,Av. 9 de Julio y Tte. Gral Juan Domingo Perón
2011,16,Legislatura,-34.6099593400598,-58.374717240582,Perú y Diagonal Sur
2011,6,Parque Lezama,-34.62830131247,-58.3697086719241,Av Martín García e Irala
2011,183,Virrey Cevallos,-34.6156376341942,-58.389691907404696,México 1652 entre Virrey Cevallos y Solís
2011,17,Plaza Almagro,-34.606398525093304,-58.41883221444161,Plaza Almagro
2011,13,Once,-34.6096220036013,-58.4065992807793,Plaza Miserere
2011,19,Plaza San Martín,-34.5954047949981,-58.3775489312645,Plaza San Martín
2011,18,Independencia,-34.6173731525033,-58.3804806550249,Av. Independencia y 9 de Julio
2012,20,Distrito Audiovisual,-34.5800361241865,-58.441788509931705,Zapiola y Dorrego
2012,21,Parque Patricios,-34.6400292426058,-58.4066133884138,Iguazú y Uspallata
2012,22,Arenales,-34.594099836289,-58.382570459236604,Arenales y Cerrito
2012,23,Suipacha,-34.6002957825126,-58.3795661232215,Suipacha y Viamonte
2012,24,Alsina,-34.6105722194484,-58.3807669356213,Adolfo Alsina y Bernardo de Irigoyen
2012,25,Plaza Güemes,-34.5895207284602,-58.416065021838506,Salguero Jerónimo y Mansilla
2013,27,Montevideo,-34.5995678801944,-58.389895998396206,Av. Córdoba y Montevideo
2013,28,Plaza Boedo,-34.6228502511336,-58.412398197949294,Carlos Calvo entre Virrey Liniers y Sánchez de Loria
2013,119,Emilio Mitre,-34.5883718391208,-58.397684271763296,Plaza Emilio Mitre - Larrea y Pacheco de Melo
2013,29,Parque Centenario,-34.6084590356008,-58.4345767879498,Patricias Argentinas y Carlos Finlay
2014,,ONCE,,,
2014,,SUIPACHA,,,
2014,,ALSINA,,,
2014,,CONGRESO,,,
2014,,VIRREY CEVALLOS,,,
2014,,PLAZA HOUSSAY,,,
2014,,RETIRO,,,
2014,,EMMA DE LA BARRA,,,
2014,,OBELISCO,,,
2014,,TRIBUNALES,,,
2014,,PLAZA EMILIO MITRE,,,
2014,,PZA. ROMA,,,
2014,,DERECHO,,,
2014,,PLAZA GÜEMES,,,
2014,,PLAZA VICENTE LOPEZ,,,
2014,,PZA. SAN MARTIN,,,
2014,,PZA. DE MAYO,,,
2014,,ARENALES,,,
2014,,PACIFICO,,,
2014,,PLAZA ITALIA,,,
2014,,MONTEVIDEO,,,
2014,,PARQUE LEZAMA,,,
2014,,PLAZA ALMAGRO,,,
2014,,PARQUE PATRICIOS,,,
2014,,PARQUE LAS HERAS,,,
2014,,ADUANA,,,
2014,,PLAZA BOEDO,,,
2014,,DISTRITO AUDIOVISUAL,,,
2014,,UCA PUERTO MADERO,,,
2014,,INDEPENDENCIA,,,
2014,,PARQUE CENTENARIO,,,
2014,,CMD,,,
2014,,EN TRANSITO,,,
2015,30,Peña,-34.5903936115174,-58.3973783649902,Azcuénaga y Peña
2015,36,Maipú,-34.6053688674684,-58.3765960288027,Maipú y Sarmiento
2015,26,Juana Manso,-34.6010006869203,-58.3636035935707,Emma de la Barra y Juana Manso
2015,41,Urquiza,-34.636519409884,-58.4075919835788,Gral Urquiza y Rondeau
2015,38,Plaza Libertad,-34.5969901800416,-58.3828953844952,Cerrito y Marcelo T. de Alvear
2015,37,Piedras,-34.607914363709895,-58.3778640062235,Esmeralda y Rivadavia
2015,32,Catedral,-34.607727795686195,-58.373531429153296,San Martín y Rivadavia
2015,35,Ingeniero Butty,-34.596327388790996,-58.3718578675869,Ing. Butty y Leandro N. Alem
2015,33,Facultad de Medicina,-34.5971266094165,-58.398717085205796,Uriburu y Marcelo T. de Alvear
2015,34,Galerías Pacífico,-34.5995794260034,-58.374157286157704,"San Martín 710, entre Viamonte y Córdoba"
2015,40,Sarmiento,-34.6043980605276,-58.373371100742,"Sarmiento 481, entre Reconquista y San Martín"
2015,51,Tucumán,-34.6015861695762,-58.3824487653053,Tucumán y Cerrito
2015,44,Zoológico,-34.5754853233668,-58.414594877753494,Av Del Libertador y Av Sarmiento
2015,60,25 de Mayo,-34.6016384998143,-58.371155474862796,25 de Mayo y Lavalle
2015,46,Chile,-34.6163784807971,-58.374388824542706,Perú 726
2015,62,Córdoba,-34.598515523188,-58.3769007239132,Maipú 820
2015,42,Diagonal Norte,-34.604641737040005,-58.379651843941794,Roque Sáenz Peña y Suipacha
2015,48,Perón,-34.6054911775454,-58.3715948631615,Perón Juan entre 25 de Mayo y Reconquista
2015,53,Ricardo Rojas,-34.5958814445217,-58.3742822955873,San Martín 1031
2015,57,Belgrano,-34.613384646496804,-58.370576623393795,Balcarce 482 entre Belgrano y Venezuela
2015,68,Rivarola,-34.6066473499434,-58.3853975745649,Dr. Rodolfo Rivarola 175 entre Tte. Gral. Juan Domingo Perón y Bartolomé Mitre
2015,56,Plaza Palermo Viejo,-34.5893711824472,-58.425072429468,Costa Rica y Malabia
2015,76,Ayacucho,-34.607572645092,-58.3949273062838,Ayacucho entre Perón Juan y Bartolomé Mitre
2015,58,Ministro Carranza,-34.575189674801,-58.434626316998205,Santa Fe 5327 entre Dorrego y Arévalo
2015,65,Julián Álvarez,-34.5872157390033,-58.4159396842283,Güemes 3822 entre Julián Álvarez y Araoz
2015,59,Coronel Díaz,-34.5902244780447,-58.411495316773994,Güemes 3328 y Coronel Diaz
2015,94,Guzmán,-34.5918191166975,-58.449442063758795,Guzmán y Leiva
2015,52,Sánchez de Bustamante,-34.6070890121579,-58.4146677521709,Sánchez de Bustamante y Perón Juan
2015,95,Esmeralda,-34.6020919024436,-58.3781735400286,Esmeralda 510
2015,31,Padilla,-34.603162361388605,-58.439709218240296,Padilla y Warnes Av
2015,74,Instituto Leloir,-34.604571775755,-58.434242799113996,"Av. Patricias Argentinas 401, entre Juana de Ibarbourou y Av. Machado"
2015,82,Hospital Italiano,-34.607429501613005,-58.4262666390011,Rawson entre Potosí y Díaz Vélez
2015,54,Acuña de Figueroa,-34.5982221815643,-58.4217046052783,Lavalle y Acuña de Figueroa
2016,55,Bouchard,-34.599337457664106,-58.369621708680604,Viamonte 101 y Bouchard
2016,99,Malabia,-34.5962805421679,-58.43561548726729,Malabia 780 y Loyola
2016,66,Billinghurst,-34.5946291440332,-58.41385892691,De la Cárcova 3508
2016,84,Lavalle,-34.6022901190225,-58.3954716595379,Ayacucho 595 entre Tucumán y Lavalle
2016,70,Aráoz,-34.592672511996795,-58.425816435958296,Aráoz 1413 entre Gorriti y Honduras
2016,72,Venezuela,-34.613650393454996,-58.3745525014373,Perú 490 y Venezuela
2016,64,Riobamba,-34.5941490349228,-58.394439682611704,Riobamba y Juncal
2016,69,Ecuador,-34.5958623506374,-58.4043560649594,Ecuador 1200 y Mansilla
2016,61,Ministerio de Economía,-34.6090860400313,-58.3708343749879,Balcarce 101 entre Av. Hipólito Yrigoyen y Alsina
2016,71,Cerrito,-34.6029957670657,-58.382842967720606,Av. Roque Saenz Peña 1149 entre Libertad y Cerrito
2016,85,Agüero,-34.5946161105705,-58.409034003474,Aguero y Mansilla
2016,91,Pasco,-34.6174914920679,-58.397547065967906,Pasco 708 entre Chile y Av Independencia
2016,80,Doblas,-34.6241295471149,-58.430319869395504,Doblas 608 y Valle
2016,63,Reconquista,-34.59946924973,-58.372723516254,Reconquista 716 y Av Córdoba
2016,88,Misiones,-34.6128670912616,-58.404230050846,Misiones entre Adolfo Alsina y Moreno
2016,47,Colegio Nacional Buenos Aires,-34.6107824192457,-58.3735574617984,Bolivar entre Adolfo Alsina y Moreno
2016,96,Carlos Gardel,-34.602891143934,-58.4115848948388,Guardia Vieja 3302
2016,81,Balcarce,-34.6158474133672,-58.3708787659055,Balcarce 683 entre Chile y Defensa
2016,121,Yatay,-34.6008183886904,-58.428267593013494,Yatay 925 entre Humahuaca y Guardia Vieja
2016,115,Quintana,-34.5878120499245,-58.3907862838861,Manuel Quintana 600
2016,114,Della Paolera,-34.5947530965532,-58.3725350641629,Carlos M. Della Paolera 297 entre Leandro N Alem y Eduardo Madero
2016,98,Moreno,-34.6117139986102,-58.378121718966895,Moreno 834 entre Tacuarí y Piedras
2016,78,Suipacha y Arroyo,-34.5914156869824,-58.3803382442443,Arroyo y Suipacha
2016,50,Hospital Rivadavia,-34.5836773298631,-58.4011477812048,Lucena Pereyra 2516 entre Las Heras y Pagano
2016,67,Senillosa,-34.6385009158718,-58.425477470589,Senillosa 1905 y zañartú
2016,87,Guayaquil,-34.6198285372612,-58.431535896984606,Guayaquil 213 y Doblas
2016,86,Saavedra,-34.621356081357696,-58.401720369330704,Saavedra 1027 entre Carlos Calvo Y Humberto 1º
2016,49,Treinta y Tres Orientales,-34.6288173658193,-58.422422403807204,Constitución 4101 y Treinta y Tres Orientales
2016,166,Cementerio de la Recoleta,-34.5891497441135,-58.3933174506005,Vicente López 2050 entre Junín y Uriburu
2016,97,Avelino Díaz,-34.6352502807008,-58.4274014111176,Avelino Díaz 499 y Doblas
2016,79,Azucena Villaflor,-34.611720675269396,-58.3639690795297,Azucena Villaflor y Pierina Dealessi
2016,150,Vera Peñaloza,-34.6180820211727,-58.363090509170895,Rosario Vera Peñaloza y Olga Cossettini
2016,120,Hospital Ramos Mejía,-34.6175490894938,-58.409110475451705,"Agrelo entre  Gral. Urquiza, y Gral. La Rioja"
2016,118,México,-34.6168125831672,-58.4028266768832,Saavedra y México
2016,92,Salcedo,-34.6317246877284,-58.4050191499757,Salcedo 2908 y Dean Funes
2016,106,Rincón,-34.6151962004792,-58.3958974659054,Venezuela 2091 y Rincón
2017,151,Aimé Painé,-34.6118079128888,-58.360905798483,Azucena Villaflor 553 entre Calabria y Aimé Painé
2017,77,Sarandí,-34.6112703094325,-58.3948309043474,Sarandí entre Adolfo Alsina e Hipólito Yrigoyen
2017,75,Plaza Primero de Mayo,-34.6121235856114,-58.398904702934196,Pichincha entre Adolfo Alsina y Moreno
2017,152,Julieta Lanteri,-34.617485823733894,-58.359131429053605,Vera Peñalosa entre Calabria y Julieta Lanteri
2017,136,Acevedo,-34.5998125732878,-58.4429012738521,Acevedo y Padilla
2017,161,Humahuaca,-34.60205792409489,-58.4196778632351,Humahuaca 3918
2017,134,Don Bosco,-34.6118758790199,-58.4155158417582,Don Bosco y Virrey LIniers
2017,108,Usina del Arte,-34.6287807815099,-58.35625741449929,Caffarena Agustín y Don Pedro de Mendoza
2017,132,Corrientes,-34.6031208697631,-58.3736760826555,Av Corrientes y San Martín
2017,101,Fitz Roy,-34.5890491463383,-58.4424227041164,Fitz Roy 1092 y Loyola
2017,154,Gallo,-34.6002248637866,-58.41210471914761,Gallo y Tucumán
2017,164,Facultad de Ingeniería,-34.6180669522061,-58.366755289408395,Estados Unidos entre Azopardo y Huergo Av
2017,149,Lima,-34.6153639565906,-58.3814348855933,Lima y México
2017,45,Uruguay,-34.6016160280163,-58.3869126629142,Tucumán y Uruguay
2017,122,Costa Rica,-34.5916244590276,-58.4204074371223,Costa Rica 4090 y Acuña de Figueroa
2017,175,Esmeralda y Corrientes,-34.6037187781396,-58.37810663722551,Esmeralda y Av Corrientes
2017,110,Guardia Vieja,-34.6017606028946,-58.415459396243,Guardia Vieja 3606 entre Billinghurst y Mario Bravo
2017,105,15 de Noviembre,-34.6339776263697,-58.4009623109061,15 de Noviembre de 1889 2687 entre Catamarca y Jujuy
2017,100,Castillo,-34.592706718923395,-58.4367711514498,Castillo 815 entre Thames y Serrano
2017,109,Lerma,-34.5966937447772,-58.4295906822899,Lerma 185 y Julián Álvarez
2017,113,Guatemala,-34.5856694443182,-58.42520465764979,Guatemala 4799 entre J.L. Borges y Gurruchaga
2017,146,Hospital Francés,-34.6221944542981,-58.4077875519753,Hospital Francés: Carlos Calvo y La Rioja
2017,139,Virrey Liniers,-34.6333089848092,-58.413150468691505,Salcedo 3401 y Virrey Liniers
2017,144,Pueyrredón,-34.601779712818605,-58.4057904124662,Boulogne Sur Mer y Tucuman
2017,111,Macacha Güemes,-34.6049691631744,-58.3629996585557,Macacha Guemes y Juana Manso
2017,123,Armenia,-34.5854242215495,-58.421044153603795,Armenia 2393 y Charcas
2017,167,Hipólito Yrigoyen,-34.61506434662,-58.42878106059361,Hipolito Yrigoyen entre Muñiz y La Plata
2017,129,Velasco,-34.600164664861104,-58.434954874725705,Velasco 285 entre Julián Álvarez y Lavalleja
2017,90,Gutiérrez,-34.5871172067942,-58.399368569691,Juan Maria Gutiérrez entre Aguero y Laprida
2017,93,Carlos Calvo,-34.6206013403211,-58.39476949340071,Carlos Calvo y Sarandí
2017,124,Ugarteche,-34.5810816066871,-58.412313560298394,Ugarteche entre Cabello y Las Heras
2017,135,Marcelo T. de Alvear,-34.596455762618106,-58.3797648546651,Marcelo T de Alvear y Suipacha
2017,176,Pinzón,-34.6340720907317,-58.3609331461699,Pinzón 469 y Martín Rodríguez
2017,128,Plaza Hipólito Bouchard,-34.6041288551832,-58.3682319681783,Plaza Hipólito Bouchard - Av Eduardo Madero y Perón Juan
2017,112,9 de Julio,-34.6123893028971,-58.38076631152289,9 de Julio y Moreno
2017,140,Las Casas,-34.635148035031,-58.415775044145796,Las Casas 3587 entre Av. Boedo y Alzaga
2017,89,Cabello,-34.5824723755753,-58.4053126989307,Cabello entre Cnel Díaz y Ortiz de Ocampo
2017,181,Billinghurst y Mansilla,-34.5926966138816,-58.411913670783605,Billinghurst 1533 y Mansilla
2017,145,Ravignani,-34.5804694653892,-58.4378366120078,Ravignani 1883 y Costa Rica
2017,172,Brasil,-34.6256071806032,-58.3709849319133,Brasil y Defensa
2017,83,Paraná,-34.603004436286504,-58.388415093700104,Lavalle enttre Montevideo y Paraná
2017,73,Ruy Díaz de Guzmán,-34.6308122093612,-58.3717059086228,Ruy Díaz de Guzmán y Av. Martín García
2017,104,Federico Lacroze,-34.5875483636412,-58.4550621945096,Av Corrientes 6800 y Federico Lacroze
2017,160,Godoy Cruz y Libertador,-34.5729623675618,-58.42021025469279,Godoy Cruz 3291 entre Av Del Libertador y Seguí
2017,103,Malba,-34.5774146206859,-58.4035331506686,Av Figueroa Alcorta y San Martín de Tours
2017,153,Juan Manuel Blanes,-34.6306928058918,-58.362083360324796,Juan Manuel Blanes 383
2017,138,Hospital Británico,-34.6349489594118,-58.387766665448396,Perdriel y Finochietto Enrique
2017,158,Villarroel,-34.5928392137991,-58.44509865535971,Villarroel y Humboldt
2017,191,Rivadavia y 9 de Julio,-34.608231785988,-58.38091227469621,Rivadavia y Carlos pellegrini
2017,126,Ministerio de Justicia y Seguridad,-34.639971214616295,-58.369430546477396,Regimiento de Patricios y Aráoz de Lamadrid
2017,182,Ravignani y Guatemala,-34.5781909512788,-58.4352336081538,Ravignani 2171 y Guatemala
2017,142,Armenia y Gorriti,-34.590554215665996,-58.4288881956896,Armenia 1525 entre Gorriti y Honduras
2017,133,Nicaragua,-34.581039917576,-58.4343825082215,Nicaragua 5690 entre Bonpland y Fitz Roy
2017,116,Hospital Alemán,-34.592104240900895,-58.4025983842195,Beruti y Ecuador
2017,143,Billinghurst y Valentín Gomez,-34.6046352325181,-58.4157587038097,Billinghurst 455 y Valentín Gomez
2017,147,Constitución I,-34.6274554061156,-58.379104861280204,Av Brasil 1050 y Lima
2017,173,Plaza Cecilia Grierson,-34.6220599419731,-58.3747525088729,Av San Juan 632
2017,117,Humberto Primo,-34.6199404395595,-58.3742180079119,Perú 1016 entre Humberto Primo y Carlos Calvo
2017,127,Santos Dumont y Otero,-34.5922124775116,-58.4529268261496,Santos Dumont 4380 y Otero
2017,137,Azopardo y Chile,-34.6159263966689,-58.3674700069781,Azopardo 700 y Chile
2017,107,Hospital Garrahan,-34.630437687185,-58.3959443595269,Hospital Garrahan: Av Brasil y Pichincha
2017,130,Retiro II,-34.5919408626661,-58.3742850966173,Plaza Fuerza Aérea: Av. Dr. J. Ramos Mejia y Av Del Libertador
2017,148,Constitución II,-34.627494076458305,-58.379231885257795,Av Brasil 1060 y Lima
2017,131,Retiro III,-34.5918464928405,-58.3742100283191,Plaza Fuerza Aérea: Av. Dr. J. Ramos Mejia y Av Del Libertador
2017,171,Pasteur,-34.6032429525726,-58.3995268655325,Pasteur 501 entre Tucumán y Lavalle
2017,141,Solís y Alsina,-34.611837952645196,-58.3904105537014,Solís 225 y Adolfo Alsina
2017,155,Parque José Evaristo Uriburu,-34.6417279105113,-58.4125592981411,Pque. José E. Uriburu - Almafuerte 300
2017,156,Plaza Alemania,-34.5778491087657,-58.407965559468,Plaza Alemania: Del Libertador Av y Cavia
2017,162,Larrea y Bartolomé Mitre,-34.609239096778396,-58.40194516985579,Larrea entre Bartolomé Mitre y Av Rivadavia
2017,170,San Luis y Ecuador,-34.5997327041382,-58.4059662231588,San Luis 2862 entre Ecuador y Boulogne Sur Mer
2017,102,Roseti,-34.5864398918839,-58.4459867498295,Roseti 50 y Av Dorrego
2017,163,Once II,-34.6093554863347,-58.4066167991811,Bartolomé Mitre y Av Pueyrredón
2017,157,Senillosa y Zuviría,-34.6283092127138,-58.4279521831874,Senillosa 989 y Zuviría
2017,165,Plaza Monseñor Miguel de Andrea,-34.597763577063304,-58.40785166335999,Plaza Monseñor Miguel de Andrea (Anchorena 900)
2017,168,Estados Unidos,-34.618619956816694,-58.3812826082139,Estados Unidos y Lima
2017,169,Facultad de Psicología,-34.6120200280467,-58.4119247639604,Hipólito Yrigoyen y 24 de Noviembre
2017,174,Ministerio de Educación,-34.5972614724898,-58.391548775098705,Marcelo T De Alvear 1698 y Rodríguez Peña
2017,177,Planetario,-34.5680738913864,-58.4121585445467,"Av. Roldan, Belisario y Av. Sarmiento"
2017,194,Perón y Francisco Acuña de Figueroa,-34.605952483313395,-58.4225720421175,"Perón, Juan Domingo Tte 3989 entre Francisco Acuña de Figueroa y Medrano"
2017,189,Posadas,-34.588474694640695,-58.3855860204811,Posadas 1350 entre Montevideo y Rodríguez Peña
2017,187,Parque Rivadavia,-34.617666753946196,-58.43179118261829,Chaco 250
2017,180,Castro y México,-34.619802649015,-58.4204709626304,Castro 680 entre México y Agrelo
2017,193,Arenales y Agüero,-34.591110880844695,-58.40597385351211,Arenales 2882 y Aguero
2017,192,Talcahuano,-34.5977988046358,-58.3856151032862,Talcahuano 1034 y Marcelo T de Alvear
2017,188,Aranguren,-34.6107962769337,-58.433506016027,Aranguren 188 entre Portugal y Eduardo Acevedo
2017,186,Catamarca,-34.6125512856829,-58.40714252984551,Adolfo Alsina 2910 y Catamarca
2017,178,José Marmol,-34.623457406189296,-58.42486660380939,José Marmol 803 y Estados Unidos
2017,190,Juncal,-34.5850777556995,-58.41122742233949,Juncal 3320 y Jerónimo Salguero
2017,195,Plaza Garay,-34.6270491370727,-58.387453831513604,Av Juan de Garay y Luis Sáenz Peña
2017,185,Av Pavón y 33 Orientales,-34.6313699718195,-58.4217825750943,"33 Orientales 1439, entre Av. Pavón y Av. Garay"
2017,184,Pedro Echague,-34.630678908608,-58.3913186324946,Pedro Echague 1878 entre Combate de los Pozos y Av Entre Ríos
2017,199,Estados Unidos y Boedo,-34.6224389438033,-58.415881554842905,Estados Unidos 3568 entre Boedo y Maza
2017,197,Quintino Bocayuva,-34.6135962625509,-58.4234808584974,Quintino Bocayuva y Don Bosco
2018,179,La Boca,-34.6391140733123,-58.3603993063349,Don Pedro de Mendoza 1819
2018,200,Austria y French,-34.5881914580956,-58.4043610826701,Austria 2080 entre French y Juncal
2018,NA,Fitz Roy y Gorriti,NA,NA,NA
2018,39,Congreso II,-34.6089915917558,-58.3876529230089,Av Rivadavia y Paraná
2018,125,Oro,-34.5834801072487,-58.4282171673392,Fray Justo Santamaria de Oro y Guatemala
2018,196,Hospital Argerich,-34.6277763431537,-58.3660190488238,Pi y Margall 750 entre Necochea y Alte. Brown
2018,198,Hospital Sardá,-34.6343800087707,-58.4041380643401,Cátulo Castillo 2896 y Dean Funes
2019,5BAEcobici,005 - Plaza Italia,-34.5805497,-58.4209542,Av. Sarmiento 2601
2019,6BAEcobici,006 - Parque Lezama,-34.628526,-58.369758,"Avenida Martin Garcia, 295"
2019,73BAEcobici,073 - Ruy Díaz de Guzmán,-34.6306814,-58.3718235,Avenida Martin Garcia y Ruy Díaz de Guzmán
2019,59BAEcobici,018 - Independencia,-34.617654,-58.380565,Idependencia y Bernardo de Irigoyen
2019,9BAEcobici,009 - Parque Las Heras,-34.585443,-58.407741,"2300 Diaz, Cnel. Av. & French"
2019,91BAEcobici,091 - Pasco,-34.6174482,-58.397602,708 Pasco & Chile
2019,10BAEcobici,KP1808000368,-34.6162819,-58.3657444,"1600 Moreau De Justo, Alicia Av."
2019,30BAEcobici,030 - Peña,-34.5908211,-58.3973698,Peña & Azcuenaga
2019,14BAEcobici,014 - Pacifico,-34.577424,-58.426387,"Santa Fe Av. & Bullrich, Int. Av."
2019,21BAEcobici,021 - Parque Patricios,-34.640111,-58.406432,Iguazu & Uspallata
2019,25BAEcobici,025 - Plaza Guemes,-34.5894269,-58.4161178,"Salguero, Jeronimo & Mansilla, Lucio Norberto, General"
2019,29BAEcobici,029 - Parque Centenario,-34.6079414,-58.4335573,Av. Patricias Argentinas & Estivao
2019,28BAEcobici,028 - Plaza Boedo,-34.6231273,-58.4127377,"3310 Calvo, Carlos & Sanchez De Loria"
2019,45BAEcobici,045 - Uruguay,-34.6018635,-58.3866934,561 Uruguay & Av. Tucuman
2019,99BAEcobici,099 - Malabia,-34.5960961,-58.435408,780 Malabia & Loyola
2019,31BAEcobici,031 - Padilla,-34.6033431,-58.43952100000001,PADILLA  271
2019,175BAEcobici,147 - Constitución,-34.626851,-58.380707,Avenida Juan de Garay 1050
2019,32BAEcobici,032 - Catedral,-34.6072074,-58.3735984,67 San Martin
2019,38BAEcobici,038 - Plaza Libertad,-34.5970497,-58.3828403,Cerrito 990 y Av. Marcelo T. De Alvear
2019,75BAEcobici,075 - Plaza Primero de Mayo,-34.6122976,-58.3989871,238 Pichincha
2019,42BAEcobici,042 - Diagonal Norte,-34.6046074,-58.3800307,"Saenz Peña 938, Roque, Pres. Diagonal Norte Av. & Suipacha"
2019,98BAEcobici,037- Claudia Pía Braudracco,-34.6081643,-58.3779002,Esmeralda y Rivadavia
2019,101BAEcobici,101 - Fitz Roy,-34.5891857,-58.4424397,Fitz Roy  1092 & Loyola
2019,8BAEcobici,008 - Congreso,-34.6094218,-58.3893364,"Cevallos, Virrey& Yrigoyen, Hipolito Av."
2019,54BAEcobici,054 - Acuña de Figueroa,-34.5982097,-58.4220694,Lavalle 4015
2019,58BAEcobici,058 - Ministro Carranza,-34.5752773,-58.4346883,Santa Fe Av. & Dorrego
2019,56BAEcobici,056 - Plaza Palermo Viejo,-34.588567,-58.425999,Costa Rica & Armenia
2019,61BAEcobici,098 - BENITO JUAREZ,-34.6189273,-58.5051769,Benito Juarez 2231
2019,163BAEcobici,163 - ONCE II,-34.6095663,-58.4064308,Bartolome Mitre & Av. Puyrredon
2019,2BAEcobici,002 - Retiro I,-34.59242413,-58.37470989,AV. Dr. José María Ramos Mejía 1300
2019,69BAEcobici,069 - Ecuador,-34.5961006,-58.4046092,"1226 Ecuador & Mansilla, Lucio Norberto, General"
2019,76BAEcobici,076 - Ayacucho,-34.6074084,-58.3950548,"Ayacucho &Peron, Juan Domingo, Tte. General"
2019,23BAEcobici,023 - Suipacha,-34.600139,-58.379836,Suipacha & Viamonte
2019,12BAEcobici,012 - Plaza Vicente Lopez,-34.5927096,-58.388807,Parana & Juncal
2019,44BAEcobici,044 - Ecoparque,-34.5755148,-58.4138829,"Av. Del Libertador, 3260"
2019,27BAEcobici,027 - Montevideo,-34.599068,-58.3900887,Cordoba Av. & Montevideo
2019,17BAEcobici,017 - Plaza Almagro,-34.6064101,-58.4187306,"441 Bulnes & Peron, Juan Domingo, Tte. General"
2019,96BAEcobici,096 - Carlos Gardel,-34.6027814,-58.4116586,3302 Guardia Vieja & Aguero
2019,104BAEcobici,104 - Federico Lacroze,-34.587617,-58.455212,Av. Guzman 1100 & Av. Corrientes
2019,1BAEcobici,ERRONEA,-34.583811,-58,Av. Pres. Figueroa Alcorta 2120
2019,26BAEcobici,026 - JUANA MANSO I,-34.600752,-58.3638723,"Manso Juana & De La Barra, Emma"
2019,4BAEcobici,004 - Plaza Roma,-34.601822,-58.368781,Lavalle & Bouchard
2019,46BAEcobici,046 - Chile,-34.6163012,-58.3743749,"Calle Perú, 718"
2019,87BAEcobici,087 - Guayaquil,-34.619845,-58.4314942,Guayaquil & Doblas
2019,49BAEcobici,049 - 33 Orientales,-34.6290527,-58.422611,Constitucion & Treinta Y Tres Orientales
2019,20BAEcobici,020 - DISTRITO AUDIOVISUAL,-34.5809751,-58.4443269,Conde & Concepción Arenal
2019,63BAEcobici,063 - Reconquista,-34.5986,-58.373062,Reconquista & Cordoba Av.
2019,184BAEcobici,184 - Pedro Echague,-34.6306129,-58.3913419,Pedro Echague 1878 & Combate De Los Pozos
2019,197BAEcobici,197 - PLAZA CIUDAD DE UDINE,-34.620998,-58.493044,Mercedes 1480
2019,92BAEcobici,092 - Salcedo,-34.6316444,-58.4053386,2908 Salcedo & Dean Funes
2019,198BAEcobici,Armazém,-34.572598,-58.3802415,Armazem
2019,209BAEcobici,Depósito,-34,-58,Balboa 220
2019,202BAEcobici,001 - FACULTAD DE DERECHO,-34.583749,-58.390602,Av. Pres. Figueroa Alcorta 2120
2019,288BAEcobici,333 - MIRO,-34.6404886,-58.4429517,1684 Miro
2019,11BAEcobici,011 - Tribunales,-34.6011762,-58.3850791,600 Talcahuano
2019,146BAEcobici,146 - Hospital Francés,-34.6221118,-58.4078419,"3024 Calvo, Carlos"
2019,185BAEcobici,185 - AV. PAVÓN Y 33 ORIENTALES,-34.63133,-58.42177,33 Orientales 1400
2019,130BAEcobici,130 - RETIRO II,-34.5917376,-58.37436403,Av. Dr. José María Ramos Mejía 1350
2019,228BAEcobici,010 - Madero UCA,-34.6164879,-58.3656683,"1600 Moreau De Justo, Alicia Av."
2019,447BAEcobici,Balboa Definitivo,-34.59339,-58.4657845,220 Balboa
2019,74BAEcobici,074 - INSTITUTO LELOIR,-34.60439,-58.43454,Juana De Ibarbourou & Av Patricias Argentinas
2019,308BAEcobici,251 - Solar de la Abadía,-34.567633,-58.436752,Maure 1819
2019,425BAEcobici,394 - Av. La Plata,-34.6440763,-58.422091,"804 Arbeletche, Anibal P."
2019,291BAEcobici,244 - UADE,-34.617247,-58.381627,Lima 750
2019,154BAEcobici,154 - GALLO,-34.6005484,-58.4122849,789 Gallo
2019,307BAEcobici,341 - COMUNA 4,-34.6499971,-58.42477299999999,AV PERITO MORENO 2881
2019,220BAEcobici,097 - Avelino Diaz,-34.635128,-58.427573,Avelino Diaz&Doblas
2019,299BAEcobici,221 - CULPINA,-34.631705,-58.466143,Culpina 121
2019,219BAEcobici,140 - Las Casas,-34.6360274,-58.4156332,Metan 3661
2019,310BAEcobici,356 - ESTACIÓN LUGANO,-34.67711802272075,-58.47562443821892,Murguiondo 4181
2019,231BAEcobici,384 - PLAZA BENITO NAZAR,-34.60511787,-58.445999589,VALENTIN VIRASORO 1349
2019,182BAEcobici,182 - RAVIGNANI Y GUATEMALA,-34.5780479,-58.4352466,"2185 Ravignani, Emilio, Dr. & Guatemala"
2019,208BAEcobici,145 - RAVIGNANI,-34.5807161,-58.43840400000001,EMILIO RAVIGNANI 1802
2019,134BAEcobici,134 - SOLDADO DE LA FRONTERA,-34.683188,-58.468952,Ana Díaz 5851
2019,143BAEcobici,143 - BILLINGHURST Y VALENTÍN GOMEZ,-34.604709,-58.415807,"455 Billinghurst & Gomez, Valentin"
2019,200BAEcobici,200 - AUSTRIA Y FRENCH,-34.5890696,-58.40536170000001,Austria 2075
2019,189BAEcobici,189 - POSADAS,-34.5886889,-58.3852113,1350 Posadas
2019,68BAEcobici,105 - PARQUE SAAVEDRA,-34.552148,-58.480464,García del Río 3590
2019,162BAEcobici,162 - LARREA Y BARTOLOMÉ MITRE,-34.608985,-58.401924,80 Larrea
2019,35BAEcobici,035 - INGENIERO BUTTY,-34.5964246,-58.371847,Ing. E. Butty 291
2019,214BAEcobici,142 - Armenia y Gorriti,-34.590541,-58.428974,Armenia 1525 y Gorriti
2019,33BAEcobici,033 - Facultad de Medicina,-34.5970909,-58.3989807,Pres. José Evaristo Uriburu 987
2019,13BAEcobici,013 - ONCE,-34.61009,-58.406,Av. Pueyrredon & Av. Rivadavia
2019,183BAEcobici,183 - VIRREY CEVALLOS,-34.6156994,-58.3899728,Mexico 1652
2019,55BAEcobici,055 - Bouchard,-34.5994122,-58.36966404,Viamonte 101
2019,111BAEcobici,111 - MACACHA GUEMES,-34.6054877,-58.3646858,Machaca Guemes 350
2019,51BAEcobici,051 - TUCUMAN,-34.6014776,-58.3821261,Tucuman & 9 De Julio Av.
2019,206BAEcobici,159 - Fitz Roy & Gorriti,-34.58495,-58.437339,Fitz Roy & Gorriti
2019,132BAEcobici,132 - CORRIENTES,-34.6033685,-58.372763,Reconquista & Corrientes Av.
2019,15BAEcobici,015 - JUANA MANSO II,-34.6004,-58.3636706,Juana Manso & Emma de la Barra
2019,85BAEcobici,085 - AGUERO,-34.5948057,-58.4091784,"Aguero & Mansilla, Lucio Norberto, General"
2019,43BAEcobici,334 - CENTRO DE EXPOSICIONES,-34.584018,-58.389921,2133 Figueroa Alcorta
2019,84BAEcobici,084 - Lavalle,-34.6042288,-58.3937375,Riobamba 403
2019,86BAEcobici,086 - SAAVEDRA,-34.6212681,-58.4016808,1019 Saavedra
2019,94BAEcobici,094 - GÚZMAN,-34.591511,-58.449652,Av Guzman 129 & Leiva
2019,116BAEcobici,116 - HOSPITAL ALEMÁN,-34.5921708,-58.4025894,Beruti & Ecuador
2019,114BAEcobici,114 - DELLA PAOLERA,-34.5949745,-58.3722554,"Della Paolera 297, Carlos M. & Av. Leandro N. Alem"
2019,128BAEcobici,128 - PARQUE DEL BAJO,-34.60515159,-58.36882117,Tte. Gral. Juan Domingo Perón 133
2019,156BAEcobici,156 - Plaza Alemania,-34.5775895,-58.4074696,2939 Cavia
2019,135BAEcobici,135 - MARCELO T. DE ALVEAR,-34.595125,-58.377535,Av. Santa Fe 772
2019,152BAEcobici,152 - JULIETA LANTERI,-34.6181645,-58.3596311,"Vera Peñaloza, Rosario 599 & Lanteri Julieta"
2019,19BAEcobici,019 - PLAZA SAN MARTIN,-34.5956027,-58.3776353,Av. Santa Fe 750 & Maipu
2019,177BAEcobici,177 -PLANETARIO,-34.568165,-58.412121,Av Casares y Av Belisario Roldan
2019,186BAEcobici,186 - MANZANA 66,-34.6136356,-58.4064415,2875 Moreno
2019,190BAEcobici,190 - JUNCAL,-34.5850763,-58.4111136,"Juncal & Salguero, Jeronimo"
2019,82BAEcobici,082 - HOSPITAL ITALIANO,-34.6078917,-58.4263947,394 Rawson & Potosi
2019,229BAEcobici,243 - PLAZOLETA CELEDONIO FLORES,-34.581576,-58.45153,Cordoba 6599
2019,150BAEcobici,150 - RODRIGO BUENO,-34.6187547,-58.3554654,Av. España 2200
2019,62BAEcobici,062 - Córdoba,-34.5985102,-58.3768501,820 Maipú
2019,50BAEcobici,050 - Hospital Rivadavia,-34.5837348,-58.4010798,2516 Pereyra Lucena
2019,22BAEcobici,022 - Arenales,-34.5938629,-58.3825498,Cerrito & Arenales
2019,36BAEcobici,036 - MAIPÚ,-34.6045481,-58.3767677,MAIPÙ 300
2019,117BAEcobici,117 - HUMBERTO 1°,-34.6201008,-58.3741759,Peru  1016
2019,60BAEcobici,060 - 25 De Mayo,-34.6016509,-58.371079,527 25 De Mayo
2019,53BAEcobici,053 - Ricardo Rojas,-34.5952579,-58.3743514,1068 San Martin
2019,57BAEcobici,057 - BELGRANO,-34.6126898,-58.37125,5 de julio 423
2019,70BAEcobici,070 - ARAOZ,-34.5926862,-58.4260597,1413 Araoz & Gorriti CABA
2019,79BAEcobici,079 - AZUCENA VILLAFLOR,-34.61189,-58.36393,"Villaflor, Azucena & Dealessi, Pierina"
2019,173BAEcobici,173 - PLAZA CECILIA GRIERSON,-34.6222964,-58.3751607,Av. San Juan 632
2019,207BAEcobici,123 - BASUALDO Y RODO,-34.65237685302847,-58.487359356906865,Guardia Nacional 1700
2019,89BAEcobici,089 - Cabello,-34.5825475,-58.4056671,3082 Cabello
2019,205BAEcobici,125 - F.J.Santamaria de Oro,-34.583323,-58.428016,F.J.Santamaria de Oro & Guatemala
2019,221BAEcobici,157 - Senillosa y Zuviria,-34.6280441,-58.4274042,Senillosa 989 y Zuviria
2019,172BAEcobici,172 - BRASIL,-34.625426,-58.371082,BRASIL&DEFENSA
2019,90BAEcobici,090 - GUTIERREZ,-34.5866324,-58.3998749,"2685 Gutierrez, Juan Maria & Aguero"
2019,120BAEcobici,120 - HOSPITAL RAMOS MEJIA,-34.617509,-58.4092876,3084 Agrelo
2019,124BAEcobici,124 - UGARTECHE,-34.580538,-58.411965,3050 Ugarteche
2019,126BAEcobici,126 - Ministerio de Justicia y Seguridad,-34.6402672,-58.3692243,"Regimiento De Patricios Av. & Araoz De Lamadrid, Gregorio, Gral."
2019,40BAEcobici,040 - Sarmiento,-34.604461,-58.373499,Sarmiento 481
2019,161BAEcobici,161 - Humahuaca,-34.6020779,-58.4196761,3912 Humahuaca
2019,165BAEcobici,165 - PLAZA MONSEÑOR MIGUEL DE ANDREA,-34.597048,-58.407614,Dr Tomas Manuel De  Anchorena &  Jose A. Cabrera
2019,166BAEcobici,166 - Cementerio de Recoleta,-34.5883466632398,-58.3941479428656,Vicente López 2100
2019,171BAEcobici,171 - Pasteur,-34.6032813,-58.3997553,519 Pasteur
2019,181BAEcobici,181 - BILLINGHURST Y MANSILLA,-34.5926649,-58.4120072,"1520 Billinghurst & Mansilla, Lucio Norberto, General"
2019,213BAEcobici,136 - Acevedo,-34.599659,-58.442685,Acevedo y Padilla
2019,47BAEcobici,047 - Colegio Nacional de Buenos Aires,-34.6117408,-58.3733149,306 Bolivar & Moreno
2019,3BAEcobici,003 - ADUANA,-34.611032,-58.3682604,Moreno & Av Paseo Colon
2019,107BAEcobici,107 - HOSPITAL GARRAHAN,-34.63037718,-58.395844,Brasil 2290
2019,196BAEcobici,196 - HOSPITAL ARGERICH,-34.6275351,-58.3657211,750 Pi Y Margall & Necochea
2019,174BAEcobici,174 - MINISTERIO DE EDUCACION,-34.597225,-58.391768,Marcelo T. de Alvear & Rodriguez Peña
2019,195BAEcobici,357 - PLAZA MARTIN FIERRO,-34.6260785,-58.407389,La Rioja & Cochabamba
2019,193BAEcobici,193 - ARENALES Y AGUERO,-34.5908626,-58.4061652,Arenales y Aguero
2019,242BAEcobici,103 - MALBA,-34.57716,-58.403214,3051 San Martin De Tours
2019,16BAEcobici,EX LEGISLATURA,-34.61001199,-58.3749195,Peru 169
2019,66BAEcobici,066 - Billinghurst,-34.5945475,-58.4138713,3508 Carcova
2019,110BAEcobici,110 - Guardia Vieja,-34.601738,-58.415434,3620 Guarda Vieja
2019,48BAEcobici,034 - Colonia Express,-34.624255,-58.362131,150 Dellepiane Y Pedro de Mendoza
2019,71BAEcobici,071 - CERRITO,-34.6026673,-58.3833559,Libertad & lavalle
2019,153BAEcobici,153 - JUAN MANUEL DE BLANES,-34.6307765,-58.3620701,"383 Blanes, Juan Manuel"
2019,37BAEcobici,off braudacco,-34.6079855,-58.3780549,Esmeralda y Av. Rivadavia
2019,41BAEcobici,041 - PARQUE PATRICIOS II,-34.6371232,-58.4058883,Av Caseros 3015
2019,226BAEcobici,139 - Virrey Liniers,-34.633335,-58.4132263,Salcedo 3408 & Virrey Liniers
2019,151BAEcobici,151 - AIME PAINÉ,-34.6118145,-58.361285,"Villaflor, Azucena & Paine, Aime"
2019,81BAEcobici,Ex Balcarce,-34.6157533,-58.3706184,Balcarce 683
2019,144BAEcobici,144 - PUEYRREDÓN,-34.6018744,-58.4060944,684 Boulogne Sur Mer & Tucuman
2019,254BAEcobici,276 - PRIMERA JUNTA,-34.620717,-58.441607,Av. Rivadavia & Del Barco Centenera
2019,118BAEcobici,118 - MEXICO,-34.6170196,-58.4026531,Saavedra & Mexico
2019,72BAEcobici,072 - Venezuela,-34.6135421,-58.3746635,Peru 490
2019,83BAEcobici,083 - Paraná,-34.603269,-58.3893728,1590 Lavalle
2019,211BAEcobici,195 - Plaza Garay,-34.6266267,-58.3879696,"Garay, Juan De Av. &Saenz Peña, Luis, Pres."
2019,80BAEcobici,080 - VALLE,-34.6245807,-58.4341232,Valle 486
2019,105BAEcobici,105 - 15 DE NOVIEMBRE,-34.6340844,-58.4008662,2687 15 De Noviembre De 1889 & Catamarca
2019,217BAEcobici,198 - HOSPITAL SARDÁ,-34.6342818,-58.4042123,"Castillo, Catulo & Dean Funes"
2019,215BAEcobici,113 - Guatemala,-34.585878,-58.424996,Guatemala 4773
2019,119BAEcobici,119 - EMILIO MITRE,-34.5885608,-58.3973293,"Pacheco De Melo, Jose Andres"
2019,64BAEcobici,064 - RIOBAMBA,-34.5936508,-58.3941087,Riobamba 1264 & Juncal
2019,122BAEcobici,122 - COSTA RICA,-34.5915614,-58.41981629999999,COSTA RICA 4060
2019,78BAEcobici,078 - SUIPACHA Y ARROYO,-34.5910737,-58.3799953,1420 Suipacha
2019,141BAEcobici,141 - SOLIS Y ALSINA,-34.6115231,-58.3904968,225 Solis
2019,93BAEcobici,093 - CARLOS CALVO,-34.620798,-58.3944635,Sarandi 1010
2019,155BAEcobici,155 - Parque José Evaristo Uriburu,-34.6380383,-58.4114346,Av. Almafuerte & Av. Caseros
2019,158BAEcobici,158 - VILLARROEL,-34.592735,-58.4450697,1321 Villarroel & Humboldt CABA
2019,164BAEcobici,164 - FACULTAD DE INGENIERIA,-34.617301,-58.3698984,AV. PASEO COLÓN 811
2019,168BAEcobici,168 - Estados Unidos,-34.6186217,-58.3812271,Estados Unidos & Lima
2019,194BAEcobici,194 - PERÓN Y ACUÑA DE FIGUEROA,-34.6060758,-58.4224635,3997 TTE. GENERAL JUAN DOMINGO PERON
2019,180BAEcobici,180 - CASTRO Y MEXICO,-34.619775,-58.420492,680 Castro & Mexico CABA
2019,212BAEcobici,129 - Velasco,-34.600275,-58.434875,J.Ramirez de Velasco 285
2019,227BAEcobici,188 - Aranguren,-34.61036075,-58.43276297,Dr. Juan Felipe Aranguren 131
2019,225BAEcobici,109 - Lerma,-34.5968511,-58.4295184,175 Lerma & Bonpland
2019,255BAEcobici,374 - Puan,-34.622092,-58.448547,Yerbal 1290
2019,256BAEcobici,209 - PAYSANDU,-34.610398,-58.454304,1182 Paysandu
2019,257BAEcobici,264 - Plaza Marcos Sastre,-34.570825,-58.481236,Miller & Monroe
2019,88BAEcobici,088 - MISIONES,-34.612575,-58.404356,MISIONES 209
2019,121BAEcobici,121 - YATAY,-34.6011732,-58.4285093,925 Yatay& Humahuaca
2019,24BAEcobici,024 - ALSINA,-34.610583,-58.3808943,Adolfo Alsina& Bernardo De Irigoyen
2019,52BAEcobici,052 - SANCHEZ DE BUSTAMANTE,-34.6068725,-58.4148939,212 Sanchez De Bustamante y Peron
2019,106BAEcobici,106 - RINCÓN,-34.6152509,-58.3958827,Venezuela 2091
2019,137BAEcobici,137 - AZOPARDO Y CHILE,-34.6155977,-58.3674923,AZOPARDO 700
2019,115BAEcobici,115 - QUINTANA,-34.5878001,-58.3908362,"Av Pres Manuel Quintana 600. & Haedo, Eduardo V., Pres."
2019,179BAEcobici,179 - CASA SAN,-34.6384786,-58.3642885,Olavarría 811
2019,176BAEcobici,067 - PARQUE SARMIENTO I,-34.555254,-58.494845,Av. Dr. Ricardo Balbín 4402
2019,192BAEcobici,192 - Talcahuano,-34.5972773,-58.3855748,990 Talcahuano
2019,224BAEcobici,133 - Nicaragua,-34.5808537,-58.434484,Nicaragua & Bonpland
2019,216BAEcobici,059 - Coronel Diaz,-34.589968,-58.411493,Guemes 3330 & Coronel Diaz
2019,203BAEcobici,108 - Usina del Arte,-34.628757,-58.356259,"Caffarena, Agustin R. & Don Pedro De Mendoza Av."
2019,210BAEcobici,335 - General Urquiza,-34.572165,-58.411278,Figueroa Alcorta & Sarmiento
2019,222BAEcobici,160 - Godoy Cruz y Libertador,-34.572583,-58.420628,Godoy Cruz  3279 y Libertador
2019,204BAEcobici,167 - Hipólito Yrigoyen,-34.614948,-58.427818,"4300 Yrigoyen, Hipolito Av."
2019,191BAEcobici,191 - Rivadavia y 9 de Julio,-34.6079305,-58.3808358,Pellegrini Y Rivadavia Av.
2019,65BAEcobici,065 - Julián Álvarez,-34.5873124,-58.4157873,3822 Guemes
2019,169BAEcobici,169 - FACULTAD DE PSICOLOGIA,-34.6123459,-58.411856,"Yrigoyen, Hipolito & 24 De Noviembre"
2019,39BAEcobici,039 - CONGRESO II,-34.6092213,-58.3876925,Rivadavia Av. & Parana
2019,261BAEcobici,272 - Plaza Bruno Giordano,-34.616151,-58.440584,Bruno Giordano&Neuquen
2019,77BAEcobici,109 - ESTACION PUEYRREDON,-34.581135,-58.501487,Bolivia 5071
2019,112BAEcobici,112 - 9 de Julio,-34.612075,-58.380384,Bernardo Irigoyen 320
2019,187BAEcobici,261 - QUINTEROS LIDORO,-34.552571,-58.450897,"1483 Quinteros, Lidoro J. Av."
2019,248BAEcobici,346 - Plaza Zapiola,-34.573522,-58.474635,2001 Donado
2019,236BAEcobici,254 - Plaza Rafael Hernandez,-34.562161,-58.455166,Vuelta de Obligado 2004
2019,102BAEcobici,102 - ROSETI,-34.5851209,-58.4492989,ROSETI 390
2019,138BAEcobici,138 - Hospital Britanico,-34.6353595,-58.3876724,153 Perdriel
2019,252BAEcobici,331 - CALIFORNIA,-34.647121,-58.374336,California y General Hornos
2019,290BAEcobici,224 - FERROCARRIL OESTE,-34.6186003,-58.4456027,"280 Garcia Lorca, Federico"
2019,170BAEcobici,170 - SAN LUIS Y ECUADOR,-34.5996644,-58.4061023,2862 San Luis & Ecuador
2019,233BAEcobici,389 - Plaza República De Mexico,-34.5539765,-58.4360367,693 La Pampa
2019,282BAEcobici,332 - PLAZOLETA PORTUGAL,-34.5699743,-58.4562794,"Aviles, Virrey & Cramer"
2019,234BAEcobici,344 - UNIVERSIDAD DI TELLA,-34.5480059,-58.44694390000001,Figueroa Alcorta 7350
2019,235BAEcobici,281 - Villa Urquiza,-34.573734,-58.48692409,Av. Triunvirato 4800
2019,240BAEcobici,239 -VIDAL,-34.558137,-58.4672593,Av. Cramer 2900
2019,249BAEcobici,307 - LEONARDO PEREYRA,-34.6506468,-58.38723419999999,LUZURIAGA 1400
2019,258BAEcobici,336 - La Pampa,-34.565521,-58.455334,La Pampa 2512 & Ciudad de la Paz
2019,277BAEcobici,292 - PLAZA BOLIVIA,-34.563539,-58.436115,Olleros Av. & Del Libertador Av.
2019,286BAEcobici,284 - BONIFACIO Y CARABOBO,-34.6304712,-58.4551112,"1913 Bonifacio, Jose"
2019,283BAEcobici,228 - BALDOMERO,-34.6355054,-58.456035,"2289 Fernandez Moreno, Baldomero"
2019,199BAEcobici,199 - ESTADOS UNIDOS Y BOEDO,-34.6222601,-58.4160137,3568 Estados Unidos & Boedo Av.
2019,218BAEcobici,067 - Senillosa,-34.638523,-58.425464,Senillosa 1905 & Zañartu
2019,265BAEcobici,361 - Plaza Don Segundo Sombra,-34.64196,-58.4505,2347 Santander
2019,285BAEcobici,400 - Reserva Ecologica,-34.6172122,-58.3561752,"Achaval Rodriguez, T., Dr. Av. 1520"
2019,149BAEcobici,149 - LIMA,-34.6153266,-58.3813642,México & Lima
2019,95BAEcobici,095 - ESMERALDA,-34.6021121,-58.3781678,ESMERALDA 516
2019,167BAEcobici,275 - PLAZA 24 DE SEPTIEMBRE,-34.606984,-58.44854,1355 San Martin Av.
2019,239BAEcobici,391 - Plaza República de Ecuador,-34.56533652,-58.42062076,Av. Pres. Figueroa Alcorta 5201
2019,201BAEcobici,175 - Esmeralda y Corrientes,-34.6034449,-58.378167,Esmeralda y Corrientes
2019,270BAEcobici,370 - Beauchef,-34.640114,-58.43026,1995 Beauchef
2019,238BAEcobici,217 - Cachimayo,-34.6365814,-58.4367011,1489 Cachimayo
2019,273BAEcobici,223 - GAINZA,-34.616758,-58.446751,"494 Gainza, Martin De, Gral."
2019,275BAEcobici,256 - PLAZA NORUEGA,-34.562277,-58.459289,Amenabar y Mendoza
2019,262BAEcobici,349 - Plaza Saenz Peña,-34.609761,-58.467476,Remedios Escalada de San Martin 2000
2019,267BAEcobici,315 - BEIRO Y SAN MARTÍN,-34.5976121,-58.4985424,3209 Av. Francisco Beiro
2019,269BAEcobici,260 - SAN MIGUEL DE GARICOITS,-34.577329,-58.457799,"Delgado & Loreto, Virrey"
2019,274BAEcobici,369 - Ciudad De La Paz,-34.5563511,-58.4630428,2816 Ciudad de la Paz CABA
2019,289BAEcobici,255 - BARRANCAS DE BELGRANO,-34.559801,-58.448314,"Sucre, Antonio Jose De, Mcal. Y Vertiz Virrey Av."
2019,287BAEcobici,299 - HIDALGO,-34.6103343,-58.4409183,Hidalgo 796
2019,264BAEcobici,283 - CNEL. JUAN CRUZ CZETZ,-34.5559308,-58.4812325,"Balbin, Ricardo, Dr. Av. & Larralde, Crisologo Av."
2019,241BAEcobici,348 - Villa del Parque,-34.600874,-58.494123,"Gutierrez, Ricardo 3105"
2019,223BAEcobici,178 - José Marmol,-34.6234,-58.424853,803 José Marmol
2019,276BAEcobici,296 - FREIRE,-34.559476,-58.4699652,"2899 Freire, Ramon, Cap. Gral."
2019,279BAEcobici,325 - CASTELLI Y PERON,-34.607516,-58.404758,"Castelli & Peron, Juan Domingo, Tte. General"
2019,284BAEcobici,229 - RIGLOS,-34.631018,-58.435056,1019 Riglos
2019,278BAEcobici,233 - MONROE,-34.564122,-58.469813,2519 Superi
2019,295BAEcobici,392 - Calasanz,-34.624802,-58.437683,San Jose De Calasanz & Valle
2019,309BAEcobici,298 - PLAZA DR. JUAN B. TERAN,-34.62141207128675,-58.51978098730658,Nogoya 5525
2019,263BAEcobici,270 - PLAZA DEL ANGEL GRIS,-34.622003,-58.457555,Calcena & Avellaneda Av.
2019,322BAEcobici,289 - MONTAÑESES,-34.551304,-58.454181,2786 Montañeses
2019,247BAEcobici,282 - Tronador,-34.5838957,-58.466494,Triunvirato Av. & Tronador
2019,324BAEcobici,280 - JURAMENTO,-34.578933,-58.4840556,5209 Juramento
2019,305BAEcobici,398 - Rojas,-34.612684,-58.44487,731 Rojas
2019,281BAEcobici,350 - Plaza Irlanda,-34.613778,-58.458315,Av. Gaona 2200
2019,268BAEcobici,399 - GARCIA DEL RIO,-34.5503,-58.477,Av. García del Río 3182
2019,303BAEcobici,238 - RIVERA,-34.5577145,-58.4626871,"2583 Rivera, Pedro I., Dr."
2019,306BAEcobici,380 - Paysandu y Galicia,-34.608465,-58.45585,1220 GALICIA
2019,280BAEcobici,222 - SIMON BOLIVAR,-34.633528,-58.449379,"1701 Fernandez Moreno, Baldomero"
2019,292BAEcobici,355 - PLAZA RICARDO LLERAS,-34.634796,-58.378109,"Samperio, Manuel J. & Herrera"
2019,296BAEcobici,293 - PEDERNERA,-34.632961,-58.462547,Pedernera 381
2019,298BAEcobici,271 - Plazoleta 11 de Noviembre,-34.634443,-58.463437,Varela 401
2019,302BAEcobici,340 - PLAZA NUEVA POMPEYA,-34.6518464,-58.415771,3817 Traful
2019,316BAEcobici,205 - SAN MARTIN,-34.605567,-58.453475,1471 Cucha Cucha
2019,317BAEcobici,220 - GIRIBONE,-34.5797368,-58.4578146,1101 Giribone
2019,321BAEcobici,246 - EDUARDO OLIVERA,-34.561851,-58.444754,"1631 Campos, Luis M. Av."
2019,244BAEcobici,266 - Plaza Alfredo Nobel,-34.5874735,-58.4842469,Hamburgo 3310
2019,127BAEcobici,127 - SANTOS DUMONT Y OTERO,-34.5923884,-58.453077,"4392 Dumont, Santos & Otero"
2019,246BAEcobici,338 - Sucre y Dragones,-34.554326,-58.4389256,Sucre 877 y Dragones
2019,245BAEcobici,248 - Husares,-34.552594,-58.4429397,Husares 2201
2019,250BAEcobici,366 - Plaza Diaz Velez,-34.6526797,-58.377215,"Cruz, Osvaldo Av. & San Antonio"
2019,266BAEcobici,379 - CORPORACIÓN BS AS SUR,-34.6654739,-58.4384883,RABANAL 3220
2019,260BAEcobici,371 - Paseo de las Americas,-34.5530794109,-58.43522348866,Av. Pres Figueroa Alcorta 6400
2019,311BAEcobici,213 - Hospital Alvear,-34.5972098,-58.47421143,Av. Warnes 2626
2019,313BAEcobici,291 - REPARACION DE K7,-34.565003,-58.4449536,1920 Zabala
2019,314BAEcobici,212 - SOR JUANA,-34.61047,-58.4602399,Galicia 1630
2019,430BAEcobici,roca y belgrano ex,-34.5520678,-58.4267679,Av. Costanera Rafael Obligado 5100
2019,364BAEcobici,381 - Matienzo Y Arce,-34.568693,-58.43447,"1798 Matienzo, Benjamin, Teniente"
2019,259BAEcobici,290 - Club Excursionistas,-34.5591522,-58.4441762,Migueletes 1782 (y La Pampa)
2019,332BAEcobici,202 - Nogoya Y Argerich,-34.602133,-58.490891,3018 Argerich
2019,272BAEcobici,347 - PLAZA MALAVER,-34.5883744,-58.4668651,328 Heredia CABA
2019,294BAEcobici,363 - Udaondo,-34.5471313,-58.4524657,AV. GUILLERMO UDAONDO 1290
2019,230BAEcobici,259 - PLAZA CASTELLI,-34.5678255,-58.4645037,Echeverria 3249
2019,351BAEcobici,235 - Colegiales,-34.5717033,-58.4520772,Zabala 2825
2019,373BAEcobici,265 - Plaza Exodo Jujeño,-34.5823369182868,-58.4810831468321,Liverpool 2812
2019,304BAEcobici,395 - Agronomia II,-34.5893,-58.4848,Av. Francisco Beiró 2120
2019,330BAEcobici,148 -La Paternal,-34.6008306,-58.4721271,PUNTA  ARENAS  1798
2019,366BAEcobici,360 - Plaza Ramon Falcon,-34.6352784,-58.4825327,Cnel. Ramón L. Falcón 3992
2019,297BAEcobici,320 - QUIRNO,-34.640978,-58.466118,Quirno 781
2019,369BAEcobici,304 - Navarro,-34.592244,-58.491797,Navarro 2625
2019,342BAEcobici,218 - Campana,-34.616813,-58.484297,1523 Campana
2019,358BAEcobici,249 - Balbín,-34.561486,-58.465586,2519 Conesa
2019,397BAEcobici,308 - Artigas Y Melincue,-34.5979984,-58.4856262,Artigas & Melincue
2019,407BAEcobici,330 - Parque Avellaneda,-34.6424248,-58.478266,Remedios 3895
2019,372BAEcobici,322 - MARTÍ Y DIRECTORIO,-34.636406,-58.470136,"404 Marti, Jose"
2019,374BAEcobici,367 - Eva Perón,-34.6471,-58.4698,Primera Junta 3898
2019,380BAEcobici,319 - Cervantes y Trelles,-34.6060382,-58.46481,Margariño Cervantes y Trelles
2019,386BAEcobici,277 - Coghlan,-34.5654,-58.4759,2647 Estomba
2019,405BAEcobici,318 - Plaza Y Carbajal,-34.5767497,-58.4689771,1602 Plaza
2019,378BAEcobici,215 - HOSPITAL ALVAREZ,-34.623123,-58.468287,Bolivia 683
2019,131BAEcobici,131- HOSPITAL DE CLÍNICAS,-34.5984043,-58.3990158,"Uriburu Jose E., Pres. & Paraguay"
2019,409BAEcobici,339 - AMANCIO ALCORTA,-34.65687,-58.416201,Av. Amancio Alcorta 4180
2019,362BAEcobici,262 - Holmberg,-34.5658514,-58.47984700000001,Holmberg 2819 y Nahuel Huapi
2019,300BAEcobici,175,-34.5436888,-58.4771259,Cramer 4500
2019,318BAEcobici,285 - ESPINOSA,-34.603936,-58.457317,1785 Espinosa
2019,293BAEcobici,294 - Bonifacio,-34.6264943,-58.4324405,BONIFACIO 381
2019,319BAEcobici,329 - PASO Y LAVALLE,-34.6036,-58.4036,486 Paso
2019,361BAEcobici,258 - Plaza J.J. Paso,-34.569187,-58.453608,1399 Moldes
2019,375BAEcobici,301 - Arregui Y Terrada,-34.6045973566929,-58.4848121161432,2793 Arregui
2019,429BAEcobici,201 - PLAZA EJERCITO DE LOS ANDES,-34.63897407331851,-58.51010241799404,Av. Rivadavia y Albariño
2019,381BAEcobici,274 - Gavilán,-34.6162466,-58.4658836,Gavilán 1200
2019,312BAEcobici,311 - CONCORDIA,-34.629028,-58.4769111,3396 Bogota
2019,320BAEcobici,364 - Carranza Y Gorriti,-34.584063,-58.440137,"1501 Carranza, Angel Justiniano"
2019,338BAEcobici,210 - Terrero,-34.602931,-58.479421,3211 Terrero
2019,232BAEcobici,252 - Tamborini,-34.5599779,-58.4790578,Tamborini 3821
2019,253BAEcobici,383 - BOEDO Y VENEZUELA,-34.6163544,-58.4170737,BOEDO 339
2019,363BAEcobici,354 - José Martí,-34.6439,-58.463114,Eva Perón 3321
2019,379BAEcobici,390 - De Los Ombues,-34.5602,-58.4281,Av. de los Ombúes 300
2019,377BAEcobici,327 - ACUÑA DE FIGUEROA Y POTOSI,-34.607333,-58.422987,296 Acuna de Figueroa
2019,400BAEcobici,313 - De Los Incas,-34.57899,-58.46982,Av. de los Incas 4138
2019,323BAEcobici,240 - ECHEVERRIA,-34.565409,-58.459298,1981 Vidal
2019,7BAEcobici,007 - OBELISCO,-34.606498,-58.381098,CARLOS PELEGRINI 215
2019,382BAEcobici,204 - Biarritz,-34.60547,-58.47739,Biarritz 2403
2019,428BAEcobici,225 - HOSPITAL TORNU,-34.587458,-58.4739506,1052 Avalos
2019,431BAEcobici,362 - PARQUE DE LA MEMORIA,-34.542628,-58.436913,Av. Costanera Rafael Obligado 7200
2019,384BAEcobici,267 - Plaza 25 De Agosto,-34.5795188115686,-58.4618347314881,14 de julio de 1194
2019,301BAEcobici,309 - UTN II,-34.6603616577602,-58.4676386893849,Saraza y Mozart
2019,432BAEcobici,187 - Jose Maria Moreno,-34.619879,-58.435801,141 Jose Maria Moreno
2019,393BAEcobici,300 - Jose Artigas,-34.5902732694463,-58.466932201858796,Av. del Campo 1301
2019,395BAEcobici,303 - Huaura,-34.5968492889416,-58.4532798579487,Huaura 1405 y Fitz Roy
2019,391BAEcobici,295 - Larralde,-34.5508944,-58.4719176,3607 Vidal
2019,355BAEcobici,242 - Plazoleta Rafael del Riego,-34.567483,-58.446381,o´higins 1327
2019,387BAEcobici,278 - Donato Alvarez,-34.602028,-58.465568,"1540 Garcia, Juan Agustin"
2019,424BAEcobici,387 - Luna,-34.638584,-58.39965,201 Luna
2019,251BAEcobici,388 - Plaza Jose C Paz,-34.6448579766856,-58.4097486603218,"Pepiri y Paz, Jose C."
2019,368BAEcobici,378 - AGRONOMIA,-34.59807,-58.482079,4351 San Martin
2019,329BAEcobici,100 - Plaza Gurruchaga,-34.593141,-58.435187,1078 Gurruchaga
2019,410BAEcobici,San Jose De Flores Vieja,-34.628642,-58.4630513,Rivadavia & Fray Cayetano
2019,415BAEcobici,386 - Gavilan Y Vallese,-34.6203961,-58.4637146,786 Gavilan
2019,388BAEcobici,279 - Andonaegui,-34.580927,-58.48455,1902 Andonaegui
2019,178BAEcobici,Test Técnico PDM,-34.61315,-58.37723,Place Holder 178
2019,435BAEcobici,227 -Club Ciudad de Buenos Aires,-34.544503,-58.459499,Miguel Sanchez y Av Libertadores
2019,343BAEcobici,219 - Parque Chacabuco 2 / off line,-34.6357272,-58.4411639,Av. Asamblea & Faraday
2019,426BAEcobici,396 - PLAZA ALBERTI,-34.5557,-58.4579,ARCOS 2665
2019,367BAEcobici,287 - Belaustegui,-34.6162121414803,-58.4772094734465,"Belaustegui, Luis, Dr. 2890"
2019,348BAEcobici,231 - Margariños Cervantes,-34.610482,-58.474369,2465 Margariños Cervantes
2019,394BAEcobici,358 - REGIMIENTOS DE PATRICIOS,-34.6455992,-58.3684969,Regimiento de los Patricios 1702
2019,399BAEcobici,312 - Parque Chacabuco  I,-34.6340414,-58.446273,"Peron, Eva & Achaval"
2019,413BAEcobici,382 - MERCADO DE HACIENDA MATADEROS,-34.6614271,-58.5015315,LISANDRO DE LA TORRE 2307
2019,434BAEcobici,247 - PLAZA LUCIO DEMARE,-34.54569,-58.46514,O`Higgins 3750
2019,441BAEcobici,016 - Legislatura,-34.609801,-58.3748,"169 Peru & Roca, Julio A., Presidente Diagonal Sur Av."
2019,188BAEcobici,373 - Jorgelina De Simone,-34.62393,-58.39125,Cochabamba 1799
2019,359BAEcobici,250 - Fleni,-34.555602,-58.450479,2292 Montañeses
2019,418BAEcobici,345 - Plaza Mafalda,-34.5809383,-58.4445804,Conde & Concepción Arenal
2019,335BAEcobici,206 - Galicia,-34.615945,-58.47098,2502 Galicia
2019,433BAEcobici,273 - Plazoleta Colombia,-34.637697,-58.373726,1619 Brandsen
2019,327BAEcobici,366 - VILLA OLÍMPICA,-34.677130515662185,-58.454286054001386,Escalada 4347
2019,333BAEcobici,203 - Beiro,-34.6008,-58.50335,"Beiro 3572, CABA"
2019,336BAEcobici,207 - PLAZA ARENALES,-34.5997308,-58.5111458,Nueva York 3949
2019,347BAEcobici,230 - Parque Las Heras II,-34.5834356,-58.4065391,3120 Pacheco de Melo
2019,350BAEcobici,234,-34.5657087,-58.4952184,Av. Triunvirato 5752
2019,416BAEcobici,257 - Plaza Francisco Ramirez,-34.553262,-58.469133,"2700 Pedraza, Manuela"
2019,356BAEcobici,245 - Arribeños,-34.547695,-58.4584684,3229 Arribeños
2019,376BAEcobici,324 - Las Victorias,-34.626778,-58.487078,"4083 Vallese, Felipe"
2019,385BAEcobici,268 - Plaza Aristóbulo Del Valle,-34.606159914753725,-58.493141345207654,Campana Y MARCOS SASTRE
2019,417BAEcobici,127 - PLAZA LEONARDO N. ALEM,-34.57634,-58.50248,Cochrane 2407
2019,427BAEcobici,397 - PARQUE SANTOJANNI,-34.648402,-58.5136448,ACASSUSO 6373
2019,337BAEcobici,208 - SEGUI,-34.5967435,-58.4594031,NICASIO OROÑO 2598
2019,420BAEcobici,375 - Ciudad Universitaria I,-34.5446,-58.4396,INTENDENTE GUIRALDES 2160 - PABELLÓN I
2019,414BAEcobici,385 - Franklin,-34.607731,-58.4383041,440 Franklin
2019,436BAEcobici,253 - Plaza Colegiales,-34.57653,-58.44349,Tte. Benjamin Matienzo 2886
2019,398BAEcobici,310 - Gregoria Perez,-34.5761817,-58.4546508,Gregoria Perez 3314
2019,148BAEcobici,323 - Parque Avellaneda II,-34.645137,-58.484507,Av. Directorio y Av. Olivera
2019,444BAEcobici,061 - Ministerio de Economia,-34.608936,-58.370716,"Balcarce e Yrigoyen, Hipolito Av."
2019,370BAEcobici,305 - Plaza Martin Rodriguez,-34.590964,-58.500336,3016 Pareja
2019,354BAEcobici,241 - Sanatorio Mendez,-34.613457,-58.4401581,512 Hidalgo
2019,271BAEcobici,365 - Venancio Flores,-34.630108,-58.473844,"Argerich & Flores, Venancio, Gral."
2019,340BAEcobici,359 - PLAZA BALCARCE,-34.54754,-58.467844,Jaramillo 2312
2019,401BAEcobici,314 - RAMÓN FALCÓN,-34.6347604,-58.47947000000001,Coronel Ramón Falcón 3792
2019,341BAEcobici,216 - Margariños Cervantes y Argerich,-34.6142336,-58.4813858,"3011 Magariños Cervantes, A."
2019,352BAEcobici,236 - Guemes,-34.5807104,-58.4248291,4718 Guemes
2019,371BAEcobici,269 - Plaza De La Misericordia,-34.6317,-58.45534,LAUTARO 400
2019,396BAEcobici,306 - Tres Arroyos Y Olaya,-34.601852,-58.448011,327 Tres Arroyos
2019,408BAEcobici,364 - CERRETTI Y MANUELA PEDRAZA,-34.56912,-58.50025,Ceretti 3407
2019,423BAEcobici,043 - PLAZA ALBERDI,-34.559255,-58.487772,Crisólogo Larralde 4544
2019,443BAEcobici,Mantenimiento Barracas,-34.6544742,-58.390286917,LAFAYETTE 1730
2019,353BAEcobici,237 - Madero Office,-34.599036,-58.364695,"367 Sanchez De Thompson, Mariquita"
2019,412BAEcobici,372 - VILLA SOLDATI,-34.6732713,-58.4553734,23 de Junio 4300 (y Delfo Cabrera)
2019,389BAEcobici,286 - OEA,-34.62795,-58.44024,Del Barco Centenera 741
2019,402BAEcobici,006 - planeada,-34.5976121,-58.4985424,3209 Av. Francisco Beiro
2019,419BAEcobici,359 PB,-34.5476039,-58.4565662,Av. Libertador 7100
2019,442BAEcobici,048 -PERON,-34.5554843,-58.4768041,NUÑEZ 3486
2019,326BAEcobici,343 POMAR,-34.5420905,-58.4705699,RAMALLO 2200
2019,339BAEcobici,211 - ARANGUREN Y SEGUI,-34.61938,-58.45471,"1608 Aranguren, Juan F., Dr."
2019,349BAEcobici,232 - Sucre y Martinez,-34.5703869,-58.4663122,Mcal. Antonio José de Sucre 3515
2019,411BAEcobici,368 - Ensenada,-34.6385808,-58.4769856,413 Ensenada
2019,390BAEcobici,288- 11 de septiembre,-34.547758,-58.459881,288- 11 de Septiembre de 1888 3314
2019,392BAEcobici,297 - TRONADOR Y GARCÍA DEL RÍO,-34.554581,-58.485381,Tronador y Garcia del Rio
2019,422BAEcobici,379 - PARQUE SARMIENTO II,-34.56454,-58.50289,Alfonsina Storni 3771
2019,406BAEcobici,326 - Emma De La Barra,-34.6009283,-58.3642613,"301 De la Barra, Emma"
2019,404BAEcobici,317 - Cero Más Infinito,-34.543949,-58.4408983,Ciudad Universitaria - Pabellón Infinito
2019,421BAEcobici,- Ciudad Universitaria II,-34.5419013,-58.4438699,Ciudad Universitaria - Pabellón 2 (CABA)
2019,383BAEcobici,263 - Plaza Echeverria,-34.5717986,-58.48954089999999,Av. Triunvirato 5100 y Nahuel Huapi 5150
2019,325BAEcobici,342 - SAENZ,-34.6501,-58.41626,Sáenz 884
2019,345BAEcobici,226 - Parque La Paternal,-34.5947762,-58.4750615,Zaballa y Chorroarín
2019,449BAEcobici,352 - San Jose de Flores,-34.62883578,-58.463297377,Av. Rivadavia 6955
2019,34BAEcobici,Ex Parque Avellaneda II,-34.6443615,-58.4846764,Av.Directorio y Av.Olivera
2019,448BAEcobici,393 - Barrio 31,-34.582268115556616,-58.37909621409033,Islas Galápagos 2800
2019,328BAEcobici,043 - Plaza Houssay,-34.598549,-58.397354,"Cordoba Av. & Uriburu Jose E., Pres."
2019,403BAEcobici,316 - Buenos Aires,-34.645523264,-58.39666367,Luna 700
2021,237BAEcobici,302 - ESTACION VILLA LURO,-34.63670935917866,-58.50135525810292,Virgilio 90
2021,461BAEcobici,106 - MOSCONI Y CONSTITUYENTES,-34.58088,-58.49363,CONSTITUYENTES 4710
2021,458BAEcobici,219 - Parque Chacabuco II,-34.636275,-58.444041,ASAMBLEA 1400
2021,459BAEcobici,327 - PLAZA RICCHERI,-34.61072,-58.51914,QUEVEDO 3473
2021,460BAEcobici,133 - BEIRO Y SEGUROLA,-34.6075,-58.51193,SEGUROLA 3194
2021,453BAEcobici,028 - Plaza de la Bandera,-34.6294802,-58.4944854,Av. Gaona 5181
2021,457BAEcobici,110 - PLAZA CD DE BANFF,-34.62805,-58.52174,ROMA 786
2021,456BAEcobici,052 - PLAZA JUAN S. SALABERRY,-34.5831596,-58.5131664,COCHRANE 3298 (Y CAMPANA)
2021,462BAEcobici,068 - MINISTERIO DE DESARROLLO HUMANO,-34.6701713,-58.4956397,PIEDRA BUENA 3109
2021,455BAEcobici,039 - Plaza Don Bosco,-34.62652,-58.50805,Elpidio Gonzalez 5181
2021,454BAEcobici,176 - Plaza Derechos del hombre,-34.63403,-58.50694,CORTINA 551
2022,468BAEcobici,084 - TEATRO PICADERO,-34.6042288,-58.3937375,Riobamba 403
2022,466BAEcobici,333 - PARQUE DE LA ESTACIÓN,-34.608096,-58.4118397,Dr. Tomás Manuel de Anchorena 170
2022,467BAEcobici,328 - SARMIENTO II,-34.6055135,-58.3958925,Sarmiento 2037
2022,464BAEcobici,377 - CIUDAD UNIVERSITARIA III,-34.541,-58.4441,Intendente Guiraldes 2160 - Pabellón III
2022,465BAEcobici,192 - HOSPITAL SIRIO,-34.5904625,-58.5071166,Gabriela Mistral 3325 y Campana
2022,474BAEcobici,224 - BAIGORRIA,-34.6108915,-58.50302,Baigorria 4101
2022,472BAEcobici,310 - FREIRE II,-34.5751286,-58.4527561,Tte. Gral Ramón Freire 1003
2022,473BAEcobici,216 - EMILIO LAMARCA,-34.6134032,-58.4933583,EMILIO LAMARCA 2066
2022,478BAEcobici,015 - AMENABAR,-34.572056,-58.4475236,Teodoro García 2613
2022,492BAEcobici,325 - MEDRANO,-34.6097105,-58.4215633,3905 Bartolomé Mitre
2022,476BAEcobici,279 - PLAZA MONTE CASTRO,-34.6182924,-58.4985253,Gualeguaychú 1900
2022,484BAEcobici,295 - SUPERÍ,-34.5554843,-58.4768041,NUÑEZ 3486
2022,480BAEcobici,353 - PLAZA VÉLEZ SARSFIELD,-34.6293335,-58.4836028,Chivilcoy 400
2022,477BAEcobici,311 - SEC. DE INNOVACION Y TRANSFORMACIÓN,-34.6350046,-58.3950539,Av. Caseros 2309
2022,479BAEcobici,347 - CARABOBO,-34.6262877,-58.4553001,Pumacahua 9
2022,471BAEcobici,173 - EL LIBERTADOR,-34.5947293,-58.5033086,Av. San Martín 6220
2022,475BAEcobici,238 - PLAZA LAS TOSCANERAS,-34.6165412,-58.5260181,Ramón Lista 5500 (y Moliere)
2022,481BAEcobici,369 - PLAZA LARRAZABAL,-34.6430378,-58.5127001,AV. LARRAZABAL 380
2022,489BAEcobici,288 - SECRETARÍA DE DEPORTES,-34.5476039,-58.4565662,AV LIBERTADOR 7100
2022,486BAEcobici,220 - PLAZA FELIX LIMA,-34.5420905,-58.4705699,RAMALLO 2200
2022,469BAEcobici,062 - PARQUE ONEGA,-34.5934185,-58.513837,Av. Gral.Mosconi 3780
2022,488BAEcobici,234 - AVENIDA TRIUNVIRATO,-34.5657087,-58.4952184,Av. Triunvirato 5752
2022,482BAEcobici,376 - PASEO DE LA COSTANERA,-34.550468,-58.430024,Av. Costanera Rafael Obligado 6200
2022,487BAEcobici,239 - AVENIDA CRAMER,-34.558137,-58.4672593,Av. Cramer 2900
2022,483BAEcobici,175 - PLAZA MACKENNA,-34.5436888,-58.4771259,CRAMER 4500
2022,485BAEcobici,230 - PASEO DE LA COSTANERA II,-34.553465,-58.42144,Av. Costanera Rafael Obligado 5100
2022,493BAEcobici,208 - NICASIO OROÑO,-34.5967435,-58.4594031,Nicasio Oroño 2598
2022,490BAEcobici,245 - COSTANERA NORTE,-34.56477054,-58.402021,AV. Costanera Rafael del Obligado 1700
2022,440BAEcobici,142 - ARMENIA,-34.5906475,-58.428899,ARMENIA 1525 y GORRITI
2022,496BAEcobici,052 - CAMPANA II,-34.5831596,-58.5131664,Cochrane 3298 (y Campana)
2022,494BAEcobici,314 - ALLENDE,-34.6147875,-58.5116722,Allende 2794
2022,491BAEcobici,266 - PLAZA SABATTINI,-34.6122963,-58.443295,COLPAYO 699
2022,497BAEcobici,307 - CERRETTI,-34.5744245,-58.4962318,Ceretti 2892
2022,498BAEcobici,055 - HABANA,-34.5865976,-58.4949585,Gral. José Gervasio Artigas 4298 (y Habana)
2023,515BAEcobici,294 - PLAZOLETA RÍO DE LA PLATA,-34.5722036,-58.4128435,Av. Sarmiento 500
2023,518BAEcobici,329 - LAS CAÑITAS,-34.5738986,-58.431782,Clay 2818
2023,499BAEcobici,286 - FILOSOFIA Y LETRAS,-34.6285563509083,-58.4468139680066,José Bonifacio 1407
2023,504BAEcobici,214 - MORÓN,-34.6247196,-58.4751804,Morón 3089
2023,500BAEcobici,235 - COMUNA 13,-34.5532117,-58.4642243,Ibera 2377
2023,511BAEcobici,284 - AV. FOREST,-34.5741993,-58.4643305,Delgado 1569 (y Av. Forest)
2023,506BAEcobici,040 - PARQUE SALGUERO,-34.5705676,-58.3964098,Av. Costa Salguero 1222
2023,503BAEcobici,212 - TRES ARROYOS,-34.6087541,-58.4599179,Tres arroyos 1500
2023,505BAEcobici,337 - AV. J. B. JUSTO,-34.6226411,-58.4820203,Emilio Lamarca 915 (y Av. Juan B. Justo)
2023,517BAEcobici,332 - PACÍFICO II,-34.5745008,-58.424814,Av. Int. Bullrich 300
2023,501BAEcobici,020 - GRECIA,-34.5492488,-58.4619408,Grecia 3290
2023,512BAEcobici,195 - PARQUE CHAS,-34.5816148,-58.4750569,Av. De los Incas 4535
2023,513BAEcobici,308 - SAN MARTIN II,-34.5971297,-58.490739,Av. San Martín 5129
2023,509BAEcobici,386 - VELEZ SARSFIELD,-34.6336384,-58.48981,Av. Carrasco 214
2023,508BAEcobici,170 - RAFAELA,-34.6391718,-58.4947858,Rafaela 4811
2023,502BAEcobici,296 - SAN ISIDRO LABRADOR,-34.5406752,-58.4752251,Av. San Isidro Labrador 4850
2023,507BAEcobici,271 - VILLA SOLDATI II,-34.673248,-58.4553194,23 de junio 4249
2023,516BAEcobici,368 - PLAZA DE LA SHOÁ,-34.5709984,-58.4233469,Av. Del Libertador 3899
2023,523BAEcobici,389 - AV. ELCANO fin de vida,-34.5708116,-58.4578677,Av. Elcano 2998
2023,529BAEcobici,011 - RIO DE JANEIRO,-34.6132593128407,-58.4301187945122,Río de Janeiro 205
2023,524BAEcobici,338 - AV. CABILDO,-34.557933,-58.4607027,Av. Cabildo 2586
2023,526BAEcobici,088 - NUÑEZ,-34.5416280407432,-58.4634040732471,Comodoro Martín Rivadavia 1630
2023,519BAEcobici,053 - AV. DEL LIBERTADOR,-34.5929149618758,-58.3754427116394,Av. Del Libertador 100
2023,522BAEcobici,119 - PLAZOLETA BENEDIT,-34.6022435,-58.4425482,Av. Warnes y Av. R. Scalabrini Ortiz
2023,532BAEcobici,072 - INSTITUTO POLITÉCNICO MODELO,-34.5730330510992,-58.5039082871025,Av Constituyentes 5880
2023,527BAEcobici,068 - AV. CORDOBA,-34.588727,-58.438386,Av. Cordoba 5403
2023,537BAEcobici,389 - Av. ELCANO,-34.5708082871008,-58.4580614896013,Av. ELCANO 3000
2023,521BAEcobici,226 - AV. WARNES,-34.5964653,-58.4663841,Av. Warnes 2150
2023,536BAEcobici,019 - PLAZA  SAN MARTIN,-34.5954737,-58.3774823,Av. Santa Fe 716
2023,534BAEcobici,081 - PARQUE DE LA CIENCIA,-34.5829625,-58.4299793,Soler 5300
2023,525BAEcobici,317 - ESCUELA RAGGIO,-34.536691,-58.4668133,Av. Libertador 8620 (y Pico)
2023,528BAEcobici,042 - Skate Park Villa Luro,-34.6367055,-58.4952857,Av. Rivadavia 9301
2023,530BAEcobici,031 - PARQUE RIVADAVIA,-34.61651103391,-58.4323502412823,Av Rivadavia 4950
2023,535BAEcobici,090 - HONORIO PUEYRREDON,-34.6025172,-58.4496589730164,Honorio Pueyrredón 1653
2023,531BAEcobici,048 - JOSE AMALFITANI,-34.6336223094934,-58.5212577310745,Av. Juan Bautista Justo 6383
2023,533BAEcobici,077 - CRISOLOGO LARRALDE,-34.5611906989661,-58.4920304128975,Galván 3601
2023,520BAEcobici,180 - PARQUE OLIMPICO,-34.6726315569843,-58.4455178733226,Av. Coronel Roca 5252 (dentro del Parque Olímpico).
2023,538BAEcobici,047 - PARQUE DE LA INNOVACIÓN,-34.545091,-58.451432,Av. G. Udaondo 1146